{"train_loss": [4.566547635645424, 4.307455476027954, 4.043950228533412, 3.799873031445496, 3.546295762490575, 3.3192605473513574, 3.115025982935595, 2.947069646299185, 2.8083238660817864, 2.7063187260494055, 2.618725388835095, 2.548084639500235, 2.48513577084675, 2.433379810889962, 2.3825136956596102, 2.338073610573857, 2.3006667990122316, 2.2617152792613853, 2.2326373148101597, 2.1958364879030876, 2.1604486511903733, 2.125812264332062, 2.092847515189502, 2.0689664604764975, 2.0327991286170817, 2.010305478836803, 1.9800001848609563, 1.9540918457430956, 1.9344775805277932, 1.910447753564134, 1.8907339291809104, 1.8743536124805338, 1.854565158325678, 1.8386939518491112, 1.8194276468090493, 1.8056337640150086, 1.7885871891663454, 1.7721805737911585, 1.7645103865866179, 1.7550173748490796, 1.7353743535850135, 1.7129632013894773, 1.7076642630684726, 1.689159323764653, 1.687304575266725, 1.6695504335942326, 1.6581957175695665, 1.649059710615749, 1.6342027575570333, 1.6219759675601162, 1.6148734146275168, 1.6077266179941097, 1.5930872531266285, 1.5822793897924279, 1.5813727688652246, 1.5612477297666345, 1.55437394897343, 1.547112036616917, 1.534721889357015, 1.5209290045444097], "train_acc": [1.8820013258277997, 6.205548252266828, 11.045943304007821, 16.494196694419163, 22.627835642296155, 28.172717160481344, 33.66479028325524, 38.20743587150706, 42.24109841462455, 45.081515938023166, 47.493848383726025, 49.74438489455174, 51.49492702329187, 52.77805867349805, 54.465680160897065, 55.681396838237774, 56.69711576274424, 58.03755013988607, 58.842035482747384, 59.8004516803182, 61.05774092425928, 61.86896776440714, 63.00715722295255, 63.56894866349816, 64.52736486106897, 65.29589555173537, 66.00038201817956, 67.09475174436243, 67.50148874731745, 68.2486713632431, 68.93068617206548, 69.36663632992888, 69.85876563184684, 70.39134391748408, 70.93403444905114, 71.2711093133785, 71.85200166290267, 72.3340187188908, 72.58794845001742, 72.8081706947113, 73.31265940832125, 74.01714587476545, 74.33062549858991, 74.84522645812969, 74.69466635206346, 75.4822979517084, 75.75532859181358, 75.90364153211762, 76.39464725115448, 76.7890248424175, 77.1081223806474, 77.17441377063179, 77.79013718946977, 78.0305839260233, 77.93283221536836, 78.68001483129403, 78.94855113987484, 79.10922349187088, 79.61258862259974, 79.84179953034236], "val_loss": [4.419617539311683, 4.046426232792277, 3.7259032306753004, 3.3831988419585985, 3.084710156457107, 2.8170516659773472, 2.5983984240134896, 2.460721942999844, 2.331472586664519, 2.237103027847192, 2.1935382991901284, 2.1317952098764574, 2.056053118132726, 2.0248878293794625, 1.9916224674093876, 1.9335021264051675, 1.9285104781261329, 1.885126427519475, 1.8422375490225436, 1.839832659443049, 1.8019565732693978, 1.780647320552957, 1.747425087275935, 1.721034458522633, 1.7179448218304711, 1.6802282059653122, 1.6771133580432942, 1.6721142325790144, 1.6497484340688189, 1.6369182766762926, 1.6199510670526855, 1.6066466413854017, 1.5947687848443126, 1.5847854634722927, 1.58931786819589, 1.5694675394393856, 1.5758673287768221, 1.5433409109136065, 1.5519634735942398, 1.52722344480359, 1.5394801720017528, 1.5276736320344164, 1.515238656762332, 1.5321961270381452, 1.5026985168968658, 1.504198757364003, 1.4943696971614986, 1.4901059745718992, 1.4779282115048094, 1.4748367756733056, 1.478959280278038, 1.4798971268752101, 1.4786930352833139, 1.471122405303906, 1.4721064843844958, 1.4656786366082057, 1.4530441249388995, 1.4640178570419933, 1.456817135790387, 1.4606300628236435], "val_acc": [4.565656565656566, 11.407407407407407, 17.09090909090909, 25.791245791245792, 33.17171717171717, 40.87542087542087, 47.42087542087542, 51.946127946127945, 56.282828282828284, 58.31649831649832, 60.013468013468014, 61.427609427609426, 63.7979797979798, 64.84848484848484, 66.24915824915826, 67.48821548821549, 67.77104377104376, 69.34680134680134, 71.01683501683502, 70.76094276094275, 71.9057239057239, 72.84848484848484, 73.93939393939394, 74.41077441077441, 74.1010101010101, 75.48821548821549, 75.85185185185185, 76.0, 76.51178451178451, 76.83501683501683, 76.96969696969697, 77.56228956228956, 78.11447811447812, 78.22222222222223, 78.49158249158249, 78.57239057239057, 78.3030303030303, 79.24579124579125, 79.15151515151516, 80.26936026936026, 79.51515151515152, 80.28282828282828, 80.51178451178451, 79.4074074074074, 80.56565656565657, 80.32323232323232, 80.84848484848484, 80.53872053872054, 81.03703703703704, 81.21212121212122, 81.38720538720538, 80.996632996633, 81.53535353535354, 80.84848484848484, 81.10437710437711, 81.38720538720538, 81.84511784511784, 81.52188552188552, 82.22222222222223, 82.06060606060606], "best_val_acc": 82.22222222222223, "learning_rates": [4.410671221425711e-05, 5.6356577668650464e-05, 7.653998522949448e-05, 0.00010431157053697449, 0.0001391961256386261, 0.00018059673041559584, 0.00022780496666240308, 0.00028001304004401375, 0.0003363276025077648, 0.00039578503863069603, 0.00045736795433299726, 0.0005200225858142343, 0.0005826768308228081, 0.0006442585937201695, 0.0007037141304318766, 0.0007600260793795162, 0.0008122308698607886, 0.0008594352099977264, 0.0009008313721228034, 0.000935711014050093, 0.0009634772997315461, 0.0009836551118981938, 0.0009958991819346951, 0.0009999999998616352, 0.0009997319194459382, 0.00099892873499048, 0.0009975913065652926, 0.000995721066322233, 0.0009933200169613978, 0.0009903907295865824, 0.000986936340952078, 0.0009829605501037576, 0.0009784676144180447, 0.0009734623450430067, 0.0009679501017464591, 0.0009619367871765904, 0.0009554288405412591, 0.0009484332307127287, 0.0009409574487652244, 0.0009330094999533034, 0.0009245978951396282, 0.0009157316416813207, 0.0009064202337846598, 0.0008966736423384465, 0.0008865023042369266, 0.0008759171112037038, 0.0008649293981286082, 0.0008535509309300126, 0.0008417938939555929, 0.0008296708769350231, 0.0008171948614985772, 0.0008043792072760745, 0.0007912376375910538, 0.0007777842247654942, 0.0007640333750508205, 0.0007499998132013284, 0.0007356985667065489, 0.0007211449496994355, 0.000706354546557608, 0.0006913431952152096]}