{"train_loss": [4.512391774833963, 4.361506798960377, 4.262041415324769, 4.180682293442584, 4.106317394053617, 4.033618289661905, 3.9684146909475455, 3.9064101980848105, 3.8475876042209856, 3.79897143470926, 3.7435541281956426, 3.6933788390505042, 3.6503679028479676, 3.6121435937704893, 3.5711446509994706, 3.5310159903002925, 3.501407488502874, 3.4665114131308963, 3.4334906103712566, 3.4030925977707938, 3.3717342187619863, 3.351258846060441, 3.3273309478437474, 3.3044738058947027, 3.287216419799067, 3.267751149987223, 3.2541930786080013, 3.234668554043397, 3.2169493761890635, 3.2064176870939565, 3.1992566680685344, 3.1878150252157593, 3.1710283875401104], "train_acc": [3.4404107819013268, 5.561735261401557, 6.893180975494658, 8.223503106706666, 9.698767429579442, 11.1380771002573, 12.566150942124246, 14.007707778564285, 15.389714722306492, 16.59981348524174, 17.77395759598207, 18.920012134695117, 19.872810417860475, 20.993022550308424, 21.950315164998145, 22.958169009336974, 23.69973371085718, 24.839046752283682, 25.448028673835125, 26.29521016617791, 27.074976685655216, 27.64575678924956, 28.16934641183807, 28.816530151346615, 29.333378276648578, 29.760339771463244, 30.090673138504062, 30.599656183638388, 31.15470612689745, 31.542342220873923, 31.762564465567802, 31.894023662655474, 32.56704980842912], "val_loss": [4.3816171881973105, 4.244469164263817, 4.100457249918292, 3.989219371734127, 3.8687684935908164, 3.774032469718687, 3.686537466767014, 3.616942152925717, 3.507663679122925, 3.4349282439037037, 3.370710881807471, 3.3347649212806454, 3.289415474860899, 3.2285339945106095, 3.1747670594082082, 3.0871531307056386, 3.0541535808194067, 3.0078799104177825, 2.9523147111297936, 2.928383005306285, 2.9194939105741438, 2.8648646934058077, 2.8582815893234743, 2.815763545805408, 2.829117105853173, 2.7718235661906583, 2.784851543364986, 2.7477587094870946, 2.7445316873570924, 2.7096430965649185, 2.6919984145831037, 2.6575198450396136, 2.7004272325064544], "val_acc": [5.62962962962963, 7.851851851851852, 9.764309764309765, 11.515151515151516, 14.235690235690235, 15.771043771043772, 18.114478114478114, 19.447811447811446, 22.774410774410775, 24.956228956228955, 26.1010101010101, 27.353535353535353, 28.632996632996633, 29.993265993265993, 31.555555555555557, 33.656565656565654, 35.54208754208754, 36.17508417508417, 38.101010101010104, 37.81818181818182, 38.370370370370374, 40.08080808080808, 40.013468013468014, 41.34680134680135, 40.98316498316498, 43.07070707070707, 41.925925925925924, 43.205387205387204, 44.16161616161616, 44.02693602693603, 45.225589225589225, 46.20875420875421, 44.45791245791246], "best_val_acc": 46.20875420875421, "learning_rates": [4.590768841944274e-05, 6.348533375084907e-05, 9.230025577853e-05, 0.00013164316458094314, 0.0001805456199634256, 0.00023780386997037121, 0.00030200848168309856, 0.00037157903493039866, 0.0004448030249132995, 0.0005198780161416039, 0.0005949560100475235, 0.0006681889341512536, 0.0007377741330459218, 0.00080199874142455, 0.0008592818468906314, 0.0009082134046992007, 0.0009475889465277121, 0.0009764392289075423, 0.000994054091509054, 0.0009999999379997429, 0.0009996171617699075, 0.0009984642618558147, 0.000996543073270685, 0.000993856557283286, 0.0009904088548175992, 0.0009862052800701127, 0.0009812523123186579, 0.0009755575859354262, 0.0009691298786195498, 0.000961979097867392, 0.0009541162657013961, 0.0009455535016810347, 0.0009363040042220448]}